titre,text,label
Réponse du ministre du Budget à l’urgence culturelle,"Monsieur le Ministre, votre intervention dans «La Libre» CRI N°17 d’hier a retenu toute mon attention pour trois raisons. Tout d’abord, vous y soulignez le rôle central que vous souhaitez donner ou redonner au secteur culturel au sein de notre société. Vous appelez à une discussion en profondeur sur cet enjeu pour y parvenir. Le groupe Ecolo est particulièrement sensible à cette question.  Ensuite, vous appelez à une union sacrée afin de répondre à l’urgence de la situation de crise que traversent actuellement le secteur culturel et tous ses opérateurs, comédiens et techniciens; vous demandez à l’État fédéral de prendre ses responsabilités, comme l’a fait la Fédération Wallonie-Bruxelles.  Enfin, et ce point me rassure énormément, vous n’entendez pas devenir le ministre de l’austérité budgétaire pour le secteur de la culture. Bien au contraire, vous souhaitez être celui qui investira dans le secteur. Il est essentiel de le rappeler maintenant.  Je souhaiterais obtenir plus d’informations sur le fonds d’urgence de 80 millions d’euros déjà constitué, dont 8.4 millions sont entièrement dévolus au secteur culturel. L’entièreté du fonds est-il déjà affecté aujourd’hui? Envisagez-vous de renforcer encore les mesures de soutien à la culture puisqu'il s’agit d’un des secteurs les plus touchés par la crise en Fédération Wallonie-Bruxelles? Cet investissement a-t-il fait l’objet d’une réflexion plus poussée par votre cabinet et au gouvernement? La création d’un fonds visant au redéploiement culturel est-elle à l’étude?",Budget
Report de la décision du gouvernement sur la pérennisation des repas scolaires gratuits,"Entre mars 2022 et mars 2023, le prix des légumes a augmenté de 40 %. Forcément, cette hausse se ressent partout, y compris sur la fourniture des repas dans les cantines scolaires. Par conséquent se pose le  problème de l’accessibilité de ces repas pour tous les enfants.  Monsieur le Ministre, vous avez dit que votre projet de pérennisation des repas gratuits pour les écoles les plus défavorisées n’a pas reçu l’aval du gouvernement. C’est évidemment très problématique. Pendant ce temps, des enfants restent à l’école le ventre vide. Une famille sur cinq renonce à inscrire ses enfants  aux repas chauds, car ceux-ci coûtent trop cher.  Pour éviter que la situation ne s’aggrave, le PTB a proposé de geler le prix des repas scolaires, avant la rentrée scolaire du mois d’août. La majorité a rejeté  cette idée, prétextant que cela mettrait les écoles en difficulté.  Selon mon groupe et moi-même, cet argument ne tient pas la route, car notre proposition prévoyait aussi que la Communauté française compense la différence pour les écoles concernées. Nous avons estimé que, d’ici la fin de l’année, un tel dispositif coûterait 4 millions d’euros, c’est-à-dire un tiers de ce que la Communauté française a dépensé depuis 2019 en consultances extérieures. Par exemple, les firmes Roland Berger et KPMG ont reçu plus de 1,5 million d’euros pour leurs études sur le budget base zéro. Par conséquent, ce n’est pas une question de moyens, mais de choix politique: comment le gouvernement utilise-t-il  l’argent à disposition? CRI N°17 Dès lors, pourquoi votre projet de pérennisation des repas gratuits dans les écoles défavorisées n’a-t-il pas eu le feu vert du gouvernement? Quelles mesures avez-vous prévues pour garantir l’accessibilité des repas scolaires à la rentrée  prochaine ?",Budget
Soutien aux secteurs de la Fédération Wallonie-Bruxelles face à la crise énergétique,"Préserver la démocratie et former les citoyens de demain, c’est le rôle de la Fédération Wallonie-Bruxelles. Aujourd’hui, nous sommes touchés par une crise énergétique extrêmement grave. Tous les opérateurs de la Fédération en subissent les conséquences, du secteur de la petite enfance à la culture, en passant par le sport, la recherche, l’enseignement  supérieur, l’enseignement obligatoire ou encore les relations internationales.  Nous devons agir à tous les niveaux et pour toutes les personnes, car nous ne pouvons pas nous permettre de perdre des corps intermédiaires à cause de la crise énergétique. Nous devons nous assurer que chaque opérateur engagé sur le  terrain, qu’il s’agisse d’une crèche, d’une université, d’une école, d’un théâtre ou CRI N°3 d’un club sportif, puisse tenir face à cette crise. Nous devons le faire de deux façons: d’abord, assurer que les factures soient les plus allégées possibles afin de permettre aux opérateurs de poursuivre leur action; ensuite, garantir à ces opérateurs une transition la plus rapide possible, pour leur permettre d’être résilients et de ne pas devoir subir des factures énergétiques trop importantes dans  les années à venir.  Monsieur le Ministre, avez-vous prévu d'effectuer une analyse par secteur, pour chaque opérateur, de manière transversale et sans hiérarchie? Comment construisez-vous les outils pour déterminer les secteurs qui sont touchés? Comment vous informez-vous de la réalité de la situation dans ces secteurs? Quels outils et quels cadastres utilisez-vous? Enfin, confirmez-vous que vous agissez sur deux plans: alléger la facture et rendre notre Fédération plus résiliente face aux  factures énergétiques ? ",Budget
Centre culturel de Brainel’Alleud,"j’avais espéré ne plus devoir revenir sur ce sujet et ne plus être amené à vous interroger sur le centre culturel de Braine-l’Alleud. Force est de constater que d’aucuns s’acharnent, avec une réelle hargne, à vouloir non pas apaiser les choses, mais au contraire mettre de  l'huile sur le feu et reprendre une dynamique destructrice et négative.  Nous avions déjà discuté de ce sujet en réunion de commission et en séance plénière. Les nouveaux statuts, qui étaient suffisamment clairs et précis, ont fait des allers et retours à plusieurs reprises. Nous nous retrouvons aujourd’hui avec des statuts, largement adoptés par l’assemblée générale, qui prévoient que l’échevine chargée de la culture de Braine-l’Alleud soit présidente du centre culturel. Pareille mesure a été prise par d’autres centres culturels. Mme Versmissen a jugé utile de sortir deux caisses de cartons remplies de documents comptables, ainsi qu’une douzaine de classeurs concernant la gestion du centre culturel de 2019 qui fait aujourd’hui l’objet d’une information judiciaire. S’agit-il d’une situation régulière? Le Code des sociétés et des associations ne le prévoit pas. Que du contraire, une autorisation est nécessaire pour sortir des pièces comptables, ce qui est d’ailleurs repris in extenso dans les fameux statuts qui ont été  votés.  Madame la Ministre, êtes-vous informée de la situation? Auriez-vous à nouveau été sollicitée, d’une manière ou d’une autre? À l’époque, vous aviez proposé un manager de crise. Qu'en est-il aujourd’hui? Quel est votre avis sur ces éléments? Manifestement, nous voilà repartis pour un feuilleton et une série qui, à mon avis, durera encore un certain temps. D’aucuns se moquent de l'institution, ou  en tout cas de l’avenir de ses travailleurs, ce que je regrette profondément.",Culture et média 
Dépenses culturelles montoises en pleine crise énergétique,"Dans le contexte de crise énergétique, l’ensemble des communes réfléchissent à deux fois avant de se lancer dans des projets culturels d'envergure. La culture permet certes d'échapper à la morosité ambiante et  engendre des retombées économiques et touristiques, mais à quel prix?  Deux projets développés par la ville de Mons m'interpellent: l’un consiste en l’installation d’une œuvre sur la place Léopold, à côté de la future gare, pour un montant de 450 000 euros; l’autre vise l’organisation d’un festival des lumières, en pleine crise énergétique, à concurrence de 6 millions d’euros financés par le Fonds  européen de développement économique et régional .  Avez-vous connaissance de ces projets d’envergure, Madame la Ministre? Ne serait-il pas opportun de rediriger ces moyens vers les institutions culturelles qui en ont tant besoin pour survivre? Quelle position la Fédération Wallonie -Bruxelles  défend-elle par rapport à ce genre de projets?",Culture et média 
Potentielle augmentation du coût des travaux du Grand Théâtre de Verviers,"La presse s’est fait l’écho d’une augmentation potentielle du coût des travaux liés à la rénovation du Grand Théâtre de Verviers ainsi qu’à la construction d’une annexe. Ce théâtre est important pour la ville qui se relève avec difficulté des inondations. Bien entendu, cet espace est également important pour la culture.  L'augmentation serait substantielle puisque les coûts de travaux estimés à 33 millions d’euros grimperaient à quelque 45 millions d’euros. Ce surcoût de 12 millions d’euros serait lié à la hausse des prix de l’énergie et des matériaux, à  la suite de la guerre en Ukraine.  Madame la Ministre, avez-vous connaissance d’une potentielle augmentation du coût des travaux? La Fédération Wallonie-Bruxelles pourrait-elle intervenir ou la ville de Verviers devra-t-elle assumer seule cette hausse de coût? Je connais les difficultés budgétaires de la Fédération. Quel est le calendrier des travaux, compte tenu de l’éventuel surcoût? Je le répète: la culture et la ville de Verviers  en particulier ont grand besoin de ce lieu.",Culture et média 
Plan d’économies aux Éditions de l’Avenir,"Durant cette législature de toutes les crises, tous les secteurs de la Fédération Wallonie-Bruxelles vont encore subir une nouvelle crise de plein fouet. Nous avons lu ce matin dans la presse que les Éditions de l'Avenir ont présenté un plan d'économies visant à épargner un million d’euros en 2023. En cause: la hausse du coût de l'énergie et la baisse des revenus publicitaires. Mis à mal depuis l’arrivée des GAFAN , nos médias font face à une concurrence déloyale du monde  numérique.  Madame la Ministre, aviez-vous connaissance de la réflexion menée au sein des EDA? En avez-vous rencontré les responsables? À deux semaines du conclave budgétaire, où en sont vos réflexions sur ces médias? Les médias jouent un rôle tellement important dans notre démocratie, encore plus à l’heure où la Flandre, l'Italie et la France — lors du premier tour des dernières élections et encore plus  lors du second — votent à l’extrême droite.",Culture et média 
Cri d’alarme de milieux d’accueil face à la hausse des coûts,"La faillite de NeoKïids Belgium et la fermeture de ses quinze crèches en Belgique entraîneront la perte d'emploi d’une centaine de personnes et la perte de places d’accueil pour les enfants de près de 400 familles. Parmi les facteurs qui auraient mené à la faillite, on évoque une dette structurelle importante, un manque de liquidités et de personnel. La réforme des milieux d’accueil de la petite enfance serait également mise  en cause.  Madame la Ministre, avez-vous rencontré les représentants de cette société? L'Office de la naissance et de l’enfance a créé une cellule de crise afin de dégager des pistes de solution. Avez-vous déjà eu un retour de la part de l'ONE? Quant au personnel menacé de perdre son emploi, avez-vous eu des contacts  avec les ministres bruxellois et wallon de l'Emploi?  Cette situation dramatique met de nouveau en avant les difficultés des milieux d'accueil non subventionnés, ainsi que des milieux d’accueil privés et des accueillantes d’enfants indépendantes. Certes, le gouvernement a déjà pris certaines mesures. Selon vous, le gouvernement pourrait-il envisager d’autres solutions pour aider ces différentes structures tant nécessaires, particulièrement  en cette période compliquée où le manque de places d’accueil est criant?",Enfance
Pénurie de places en crèches,"Depuis des années, la pénurie de places en crèches est un souci pour de nombreuses familles et un thème récurrent à l’époque de la rentrée. Cependant, elle semble s’aggraver d’année en année et atteindre désormais un niveau inquiétant. Les raisons de ce phénomène sont le manque de bâtiments adaptés, l'insuffisance de subventions pour la création de crèches même si des aides ont déjà été octroyées à ce poste, la pénurie de puéricultrices, d’accueillantes et en général de personnes intéressées par ces métiers. La France fait également face à un déficit criant d’effectifs, qu’on surnomme  «la grande démission».  Madame la Ministre, comment éviter une telle situation en Belgique? Comment sortir de la pénurie, alors que les demandes dépassent largement l'offre? Comment inciter à la création de crèches, notamment privées? Comment redonner de  l'intérêt pour un métier si important ? ",Enfance
Situation financière des gardiennes d’enfants,"Les gardiennes d’enfants ont eu et ont encore un rôle essentiel au cours de la crise liée au Covid-19, particulièrement pour garder les enfants des parents occupant une fonction de première ligne. Pourtant, la différence de traitement entre les gardiennes sans statut et celles qui font partie d’une crèche est flagrante; en effet, le salaire des puéricultrices travaillant au sein d’un milieu d’accueil est resté garanti, tandis que les gardiennes privées ont vu leurs rentrées chuter, parfois de manière catastrophique. Certaines ont subi des pertes pouvant atteindre un montant de 1 500 euros nets par mois et n’ont bénéficié d’aucune aide ou compensation.  Madame la Ministre, avez-vous pris contact avec ces gardiennes sans statut? Quelles pistes envisagez-vous pour intervenir en leur faveur?",Enfance
“Trop is  te veel” pour les étudiants,"«Il fait 15 degrés en classe». Voici le témoignage que j'ai relayé ici il y a maintenant un mois et que, malheureusement, personne au sein de notre Assemblée n’a entendu. Depuis lors, je reçois des centaines de réactions qui prouvent que les étudiants sont totalement abandonnés par ce gouvernement, à la veille de leurs examens et face à la crise énergétique. Je voudrais donc relayer d’autres témoignages. Fiona, de Mons, m'écrit qu'«il fait 14 degrés en auditoire et en bibli. On garde nos vestes, nos écharpes et même nos gants». Anthony, de Bruxelles, nous explique que «notre prof a même son propre chauffage d’appoint parce qu’il y a 12 degrés et on n’arrive même plus à  écrire».  Madame la Ministre, j’ai un scoop: les températures continueront à baisser. Pendant que, comme je l’imagine, vous me ferez la liste de tout ce que vous avez fait, mais qui est visiblement insuffisant, il continuera de faire froid dans les auditoires, dans les kots, à la maison. Les jeunes, de plus en plus nombreux, continueront à cumuler des jobs et leurs études parce que les parents ne s’en  sortent tout simplement pas. CRI N°7 Les étudiants n’acceptent plus cette situation. Ils refusent qu’on leur dise qu’ils vivront moins bien que leurs parents. Ils ont raison, car la crise ne touche pas tout le monde. Ce n’est pas la crise pour les dirigeants dont vous faites partie, Madame la Ministre, avec vos 10 000 euros et vos locaux bien chauffés. Ce n’est pas la crise non plus pour les multinationales à qui vous permettez de réaliser un braquage des étudiants et des familles, au nom du profit à tout prix. Tout cela, les jeunes ne l’acceptent plus. Ils se sont mobilisés ce lundi, avec le collectif «Trop is te veel», pour demander des mesures fortes, c’est-à-dire autre chose que  les mesures actuelles prévues pour lutter contre l’explosion des prix de l’énergie. Avez-vous reçu les étudiants? Que leur avez-vous répondu?",Enseignement supérieur et Promotion Sociale 
La ménopause n’est pas taoue,"La ménopause, liée au vieillissement, est un sujet encore beaucoup trop tabou dans notre société, alors que deux millions de femmes sont concernées en Belgique. Ce tabou entraîne une méconnaissance de ce phénomène naturel par les femmes ménopausées elles-mêmes, mais aussi par une partie du personnel soignant et par le grand public. Je profite du lancement d’un débat au Parlement fédéral sur cette question, ainsi que de l’organisation d'auditions sur ce sujet en Comité d’avis pour l’égalité des chances entre les  femmes et les hommes, pour aborder ce sujet avec vous.  Madame la Ministre, quelles actions la Fédération Wallonie-Bruxelles déploie-telle pour sensibiliser le grand public à cette question? Comment soutenez-vous CRI N°16 les associations qui traitent de la ménopause en Fédération Wallonie-Bruxelles ? Comment le Plan «Droits des femmes» aborde-t-il la ménopause? Ce sujet a-t-il  déjà été ou sera-t-il un jour abordé au sein de la conférence interministérielle  Santé ?",Interculturalité et Egalité des Chances 
Les streameuses dénoncent les violences en ligne dont elles sont victimes,"Maghla est une streameuse française très connue, suivie par des centaines de milliers de personnes. Elle a dénoncé le harcèlement subi par les femmes sur des plateformes comme YouTube ou Twitch. Cette semaine, avec d’autres, elle a fait part de son ras-le-bol et elle a témoigné des violences quotidiennes qu’elle a subies et des conséquences psychologiques qui en  découlent.  Les témoignages de ces femmes sont très durs. Elles font état de menaces de viol  et de mort. Elles évoquent aussi les «dick pics», photos accompagnées de messages CRI N°5 extrêmement violents. Ce phénomène est très inquiétant et les situations vécues par ces femmes sont horribles. Elles sont quotidiennement menacées dans le cadre de leur activité professionnelle. Si elles effectuent leur travail dans l’espace numérique, elles en subissent les conséquences dans la «vie réelle». Certaines font des dépressions, d’autres renoncent à leur activité pendant plusieurs mois pour se  relever de ces violences quotidiennes.  On pourrait croire que les jeunes femmes connues sur les réseaux sociaux vivent une forme d’émancipation. Mais dans les faits, elles passent leur temps à chasser des images d’elles apparaissant dans des montages pornographiques sur des forums, ainsi que des commentaires violents. Ce problème n’est pas l’apanage de la France puisque nous devons également y faire face en Belgique. Manonolita, une streameuse belge, a ainsi subi ce genre de violences il y a un an et, malheureusement, rien n’a changé à ce jour.  Pourtant, en sa séance plénière du 1‘ décembre 2021, notre Parlement a voté une proposition de résolution relative aux violences faites aux femmes dans les environnements numériques. Ce texte était porteur de nombreuses promesses. Madame la Ministre, quelles actions avez-vous entreprises depuis pour lutter contre  ces violences ?",Interculturalité et Egalité des Chances 
Violences dans les stades causées par des «pseudos,"samedi dernier, lors du match du Royal Charleroi Sporting Club contre la FC Malines, un débordement a eu lieu et l’arbitre a dû interrompre le match à la 67° minute à cause de jets de fumigènes. Les débordements de ce type, encore trop fréquents dans les stades, créent des malaises et ternissent l’image du football. De tels incidents pourraient déboucher sur des débordements encore plus conséquents, voire des accidents tragiques.  Madame la Ministre, la Fédération Wallonie-Bruxelles mène-t-elle des actions de sensibilisation envers les clubs des supporters? Votre administration est-elle en contact avec les clubs de supporters reconnus? La Pro League a convoqué tous les clubs de première division pour une réunion d’urgence à la suite des débordements. Ÿ avez-vous été conviée? Si oui, qu’en est-il ressorti? La ministre fédéral de l’Intérieur compte renforcer la loi «Football». À nouveau, avez-vous  été sollicitée et associée à ce projet? Le football est un sport populaire et il est CRI N°6 donc essentiel de tout mettre en œuvre pour empêcher que ces pseudo-groupes  de supporters nuisent au bon déroulement des matches",Jeunesse et Sport 
Appel à l’aide des juges de la jeunesse à Bruxelles,"Madame la Ministre, 513 enfants en danger! C’est le cri d'alarme lancé par les juges de la jeunesse et les substituts du procureur du Roi. Ces enfants sont en danger parce qu’ils attendent d’intégrer un service résidentiel général. Pourtant, faute de moyens et de places tant dans les services d’hébergement que dans les services d'accompagnement en accueil familial, ils se retrouvent inscrits sur des listes d’attente. Les acteurs de terrain tentent de trouver des  solutions temporaires en attendant que des places se libèrent.  Outre le sentiment d'insécurité et d'abandon ressenti par ces jeunes, le ballottage d’un service à l’autre induit un sentiment d’instabilité permanent à court et à moyen termes. Cette instabilité a des conséquences désastreuses sur les plans physique et psychique. CRI N°5 La Fédération Wallonie-Bruxelles consacre d'importants moyens au secteur de l’aide à la jeunesse. Le chantier est énorme. Comment comptez-vous optimaliser ces moyens”? Quelles solutions envisagez-vous d’apporter à la demande croissante en places d’accueil? Quelles mesures d’urgence comptez-vous prendre pour placer ces 913 enfants? Enfin, comment respecterez-vous les dispositions de la Convention internationale des droits de l’enfant , qui impose de tout mettre en  œuvre pour protéger les enfants de la meilleure manière possible?",Jeunesse et Sport 
Football: l’Ecosse bannit le jeu de tête à la veille et au lendemain des matchs,"La Coupe du monde bat son plein. Selon un article de presse, le jeu de tête au football peut provoquer des séquelles importantes sur le cerveau, notamment des pertes de mémoire et des risques de maladies neurodégénératives. Dans ce cadre, la fédération écossaise de football a pris des mesures pour protéger ses footballeurs, notamment en interdisant aux joueurs de frapper le ballon de la tête, durant les entraînements, les jours qui précèdent et suivent les matchs. Cette disposition existe depuis 2020 pour les équipes d’enfants et de jeunes.  Madame la Ministre, le football écossais n’est pas tout à fait comme le nôtre. Il est en effet plus engagé et physique; le jeu aérien y prend toute son ampleur. Des études similaires sur cette question sont-elles menées en Fédération Wallonie-Bruxelles? Dans l’affirmative, quels en sont les résultats? Disposez-vous de statistiques concernant le nombre de commotions cérébrales au football? Avezvous rencontré à ce propos les acteurs du football francophone? Les formateurs dans cette discipline ont-ils été sensibilisés aux effets néfastes du jeu de tête? Il  y va de la santé de nos sportives et de nos sportifs.",Jeunesse et Sport 
"Accueil  es MENA, 20 adolescents à la rue","Une nouvelle étape a été franchie ce mardi dans la crise de l’accueil des étrangers. L'Agence fédérale pour l’accueil des demandeurs d’asile n’a pas trouvé de solution de logement ou d'hébergement pour vingt mineurs étrangers non accompagnés . Le manque de places est dû à un afflux record d'étrangers demandeurs de la protection internationale dans notre pays. Si le contexte international actuel explique cette situation, il ne peut en aucun cas être une excuse. Vingt MENA ont dû passer la nuit dehors.  C’est intolérable!  Certes, l’accueil des migrants est une compétence fédérale et la crise migratoire actuelle bat des records, du fait également de la malheureuse arrivée au pouvoir des Talibans en Afghanistan. Cependant, la Fédération Wallonie-Bruxelles est liée à Fedasil par une convention de co-financement qui prévoit la création de 130 places, au maximum, dans les centres d'hébergement. Nous ne pouvons  donc pas rester spectateurs devant ces situations dramatiques.  Madame la Ministre, avez-vous été sollicitée par Fedasil pour accueillir en urgence les vingt MENA qui sont livrés à eux-mêmes? Quelle analyse faites-vous CRI N°4 de la situation? Qu'en est-il des 130 places mises à disposition par la Fédération? Sont-elles toutes occupées? Une réflexion est-elle en cours, avec Fedasil  notamment, pour la création de nouvelles places?  Par ailleurs, une problématique additionnelle est le manque de familles  d'accueil d'urgence. Quelle action menez-vous dans ce domaine? ",Jeunesse et Sport 
Wallonie-Bruxelles International dans le viseur de la justice et des enquêteurs de l’Office central pour la répression de la corruption,"Irrégularités dans les marchés publics, emplois fictifs, prise illégale d’intérêts, piratage informatique, surveillance sur internet, harcèlement moral... N’en jetez plus, la coupe est pleine! Plusieurs enquêtes portant sur tous ces faits seraient aujourd’hui menées au sein de Wallonie-Bruxelles International . Il s’agirait d'enquêtes externes menées par l'Office central pour la répression de la corruption et le parquet de  Bruxelles.  Madame la Ministre, M. Jeholet a-t-il connaissance de ces faits? L’agence WBI est-elle informée de l’ouverture de ces enquêtes? Comment les services du ministre-président ont-ils réagi? Quelles décisions ont-elles été prises en termes de  gestion et, le cas échéant, d’écartement ?",Politique et International
La pilule du lendemain bientôt délivrée par les centres PMS dans les écoles?,"La Commission nationale d'évaluation de l'interruption de grossesse a rédigé un rapport comprenant des recommandations, dont l’accès à la contraception d’urgence. La pilule du lendemain pourrait d'ici quelque temps être délivrée dans les centres de planning familial ou dans les écoles par les centres PMS ou les services de promotion de la santé à l’école . Ce rapport sera examiné le 19 avril à la Chambre, pour ensuite être analysé au sein des trois Communautés.  Madame la Ministre, avez-vous pris connaissance de ce rapport? Avez-vous pu l’analyser? Que pensez-vous de la délivrance de la pilule du lendemain dans les  écoles par les centres PMS?  L'accès à la contraception d’urgence est très important. Sa délivrance dans les centres de planning familial et les écoles ne représente-t-elle pas néanmoins un risque de banalisation de la pilule du lendemain qui, il faut le rappeler, n’est pas  un moyen de contraception?  Enfin, quelles nouvelles mesures de prévention peuvent-elles être prises afin de  diminuer le nombre d’interruptions volontaires de grossesse ? ",Santé
Fusion  e l’hôpital du Sart-Tilman avec celui de la Citadelle de Liège,"urant la précédente législature, le gouvernement fédéral a décidé d’une refonte du paysage hospitalier pour réaliser plus  d'économies d’échelle et, in fine, améliorer l’offre de soins aux patients. AuCRI N°3 jourd’hui, il est beaucoup question de la crise énergétique et de l’augmentation des coûts. La récente réforme du financement des hôpitaux s’inscrit aussi dans  ce contexte.  À Liège, j'entends depuis longtemps cette rumeur concernant le rapprochement ou la fusion entre le Centre hospitalier universitaire de Liège et le Centre hospitalier régional de la Citadelle. Les deux hôpitaux ont déjà développé des synergies dans les départements de la pédiatrie, de gynécologie et de neurologie. Depuis une semaine, la question a resurgi avec force dans les médias qui annoncent une fusion. Il y a quelques jours, ce point figurait d’ailleurs à l’ordre du jour du conseil d'administration du CHR de la Citadelle. Il est prévu de réunir des groupes de travail et l’entérinement de la fusion est annoncé pour le mois  de décembre prochain.  Or, le CHU de Liège dépend encore en partie de la Fédération WallonieBruxelles, notamment pour les infrastructures et les investissements, entre autres dans les outils médicaux comme les PET-scan. Êtes-vous informée de cette décision, Madame la Ministre? Ÿ avez-vous été associée? Comment la concertation a-t-elle eu lieu dans le cadre de ces discussions? Quel impact aurait  cette éventuelle fusion sur les compétences de la Fédération Wallonie-Bruxelles ?",Santé
La Fédération Wallonie-Bruxelles débloque un million d’euros par an pour lutter contre les expérimentations animales,"Le bien-être animal étant une compétence régionale, ce sujet est régulièrement abordé dans les assemblées régionales. J’en parle ici aujourd’hui, car, grâce à votre action, un montant conséquent est inscrit dans le budget de la Fédération Wallonie-Bruxelles pour développer des alternatives à l’expérimentation animale dans les hautes écoles et les universités.  Madame la Ministre, comment cet important budget sera-t-il utilisé? Comment  sera-t-il réparti? Quelles alternatives sont-elles envisagées? Aujourd’hui, selon CRI N°4 mes sources, il est question de 400 à 500 000 animaux qui passent par les lieux de recherche et d’expérimentation chaque année. Certains de ces animaux sont utilisés pour la santé humaine, ce qui restera toujours une priorité, malgré la sensibilité à la cause animale. Néanmoins, votre mesure est une bonne nouvelle.  Comment comptez-vous mener les actions qui en découlent ?",Santé
Vague d’exécutions de manifestants en Iran,"«Je suis condamné à mort, mais ne le dis pas à maman», tels sont les derniers mots de Mohammad Mehdi Karami avant son exécution en Îran. Il est la 17° personne condamnée à mort depuis le 16 septembre 2022 en raison de sa participation aux manifestations qui font suite à l’assassinat de Mahsa Amini. Par cette vague d’exécutions, l'Iran montre  son vrai visage: un tyran d’une cruauté invraisemblable.  Le 26 octobre 2022, le Parlement a adopté une proposition de résolution relative à la protection des droits des femmes et des personnes LGBTQIA+, et plus largement des droits humains, en Iran et condamnant la répression des manifestations. Monsieur le Ministre-Président, quelle est la situation en Iran? Quel suivi  est donné à la résolution ?  Par ailleurs, Olivier Vandecasteele, un citoyen belge, est détenu en Iran dans des conditions extrêmement difficiles. À l’issue d’un simulacre de procès, il a été condamné à 40 ans de prison et 74 coups de fouet par la justice iranienne. Quelles actions la Fédération Wallonie-Bruxelles peut-elle entreprendre pour soutenir M. Vandecasteele et comment se mobilise-t-elle pour mettre fin à cette  incarcération injuste? ",Politique et International
Drame à Ougrée et phénomène du grooming,"Ce vendredi 6 Janvier, une jeune anderlechq J J toise a perdu la vie à Ougrée. Les premiers éléments de l’enquête indiquent que l’agresseur présumé l’aurait contactée par la messagerie Snapchat, application qui est très appréciée par les jeunes et qui attire des prédateurs adultes voulant prendre contact avec des mineurs. Les mineurs y sont manipulés psychologiquement. Le phénomène du grooming prend de plus en plus d’ampleur. Ces jeunes ne sont pas conscients de ces méthodes de manipulation. P J P P En 2021, 43 cas de grooming ont été signalés par des parents ou des éducateurs 8 8 8 P P auprès de la Fondation pour enfants disparus et sexuellement exploités . Cependant, ce nombre est largement sous-estimé puisque ce phénomène P 8 puisq P  passe sous les radars, les jeunes n’ayant pas envie d’en parler.  Dans ce domaine, la sensibilisation et la prévention sont très importantes. Comment la Fédération Wallonie-Bruxelles appréhende-t-elle ce phénomène, Madame la Ministre? Quelles actions ont-elles été intensifiées? Child Focus a publié un jeu en ligne afin de sensibiliser les jeunes aux manipulations et aux méthodes utilisées par les groomers. Qu’en pensez-vous? Quels sont les retours des associations qui font de la prévention? Enfin, quelles mesures l'Office de la naissance et de l’enfance a-t-il prises, ou pourrait-il prendre, pour sensibiliser les parents?",Enfance
Enquête “Noir jaune blues” sur la démocratie et la gouvernance,"Une société toujours plus fragmentée, une défiance accrue vis-à-vis des institutions démocratiques et une attirance toujours plus  forte envers des régimes autoritaires: tels sont les constats dressés par la dernière CRI N°12 mn 1 —  enquête «Noir jaune blues» commanditée par la RTBF et publiée par le journal  «Le Soir».  Des trois coups de sonde qui ont été menés dans le cadre de cette enquête, avant et pendant la pandémie ainsi qu’en juillet 2022, soit après le début de la guerre en Ukraine, il ressort que 52 % des personnes sondées aspirent à ce que la société soit restructurée à partir de critères ethniques. Paradoxalement, un cinquième  des personnes sondées se disent favorables à une société plus ouverte.  Dans sa Déclaration de politique communautaire , le gouvernement de la Fédération Wallonie-Bruxelles s’est engagé à lutter contre la crise démocratique, notamment en tentant de placer les citoyens et les citoyennes au cœur de certains  processus de décision.  Monsieur le Ministre-Président, quel regard portez-vous sur cette enquête, sachant qu’elle fait l’objet de certaines réserves méthodologiques? Les constats dressés vont-ils vous conduire à revoir un certain nombre de dispositions relatives à la démocratie, à la citoyenneté et surtout à la bonne gouvernance? Quels seront les principaux chantiers finalisés dans ce domaine avant la fin de la législature? Enfin, entendez-vous prendre mesures de sensibilisation des citoyens désabusés, de quelque âge et de quelque condition qu'ils soient, de manière à les raccrocher  à la vie publique, voire à la noblesse de la vie politique? ",Politique et International
Les Libanais meurent de faim  et leur pays s’effondre,"Ce n’est un secret pour personne, la situation du Liban est catastrophique. La population souffre: presque deux millions de personnes sont à la rue et crient famine. Il n’y a plus de gouvernement depuis huit mois ni de président depuis trois mois. L’inflation est galopante et aucune solution ne semble se dessiner. L’absence d’une structure politique efficiente a pour conséquence que l’aide internationale ne peut être correctement organisée. Les réformes nécessaires ne sont pas entreprises puisqu'il n’y a plus personne pour prendre des décisions. Le pays du cèdre poursuit donc sa dégringolade. Sa situation est catastrophique et insupportable. pniq PP  Monsieur le Ministre-Président, je vous sais sensible et attentif à cette situation. Le gouvernement de la Fédération Wallonie-Bruxelles a d’ailleurs fait des efforts en dégageant 200 000 euros à travers l'UNICEF. Quelle est l’opinion de votre gouvernement sur la situation socio-économique du Liban? Quels efforts pourraient être consentis? Avez-vous pris contact ou collaboré avec le gouvernement fédéral sur ce dossier? Quels sont les retours de la Francophonie sur la dégradation de la situation du Liban? Des collaborations et des coopérations pourraient -elles être envisagées? Quel bilan tirez-vous de l’édition 2022 de Beyrouth Livres? D’autres coopérations culturelles pourraient-elles être établies pour que la Fédération Wallonie-Bruxelles puisse préserver le contact avec ce pays et jouer son  rôle en la matière? ",Politique et International
Effondrement de la dotation du fédéral,"Le Sociaal-Economische Raad van Vlaanderen , un service d’études du Parlement flamand, vient de publier une étude d’une centaine de pages relative aux dotations versées par le gouvernement fédéral aux entités fédérées dans le cadre de la sixième réforme de l’État. En ce qui concerne la Wallonie et la Fédération Wallonie-Bruxelles — groupées pour ne former qu’une entité au sein de cette étude —, les prévisions sont plutôt décourageantes: la dotation diminuerait de 1,4 milliard d’euros d’ici à 2029 et de  1,8 milliard d’euros d'ici à 2038.  Monsieur le Ministre, confirmez-vous les prévisions de ce rapport? La Région bruxelloise et la Région flamande devraient faire face à une perte similaire, mais moindre. Est-ce conforme à vos prévisions? Des mesures supplémentaires s’imposent-elles? Indépendamment d’une éventuelle septième réforme de l’État, un  changement d’orientation est-il de mise pour éviter la faillite? ",Budget
Candidature de Bruxelles pour organiser les championnats du monde de cyclisme en 2030,"La Belgique est une terre de cyclisme, elle compte énormément de champions et elle connaît un formidable l’engouement populaire lors des courses cyclistes organisées sur son territoire ou pour les étapes du Tour de France. En 2021, la Flandre a organisé les championnats du monde de cyclisme. Cet événement a rencontré un très grand succès. Aujourd’hui, en vue du bicentenaire de la Belgique, Bruxelles a posé sa candidature pour organiser les championnats du monde de cyclisme en 2030.  Madame la Ministre, soutenez-vous cette candidature? Quelles seraient les retombées pour la Fédération Wallonie-Bruxelles? Si, comme je l’espère, vous  soutenez cette candidature, comment comptez-vous le faire? ",Jeunesse et Sport 
La RTBF interrompt la diffusion d’un match des Red Flames avant la fin de celui-ci,"La visibilité du sport féminin est un sujet important pour le groupe MR. Plusieurs d'entre nous sont déjà intervenus sur ce dossier, dont Mme Sobry ainsi que MM. Maroy et Dodrimont. La ministre Glatigny a  pris plusieurs initiatives afin d’accroître cette visibilité du sport féminin.  Ce qui s’est passé le 6 octobre dernier nous a fortement surpris. En effet, l’équipe nationale féminine de football était en train de jouer une rencontre décisive pour sa qualification à la coupe du monde et à une minute trente de la fin CRI N°4 du match, la diffusion est interrompue et remplacée par de la publicité portant  sur le match à venir de l'Union saint-gilloise en Europa League.  Cette manière de se comporter avec notre équipe nationale féminine de football est inacceptable. Je ne peux pas imaginer ce qu’il se serait passé si le match que nous étions en train de suivre à ce moment-là était une rencontre des Diables  Rouges. Je ne pense pas que ce match aurait été interrompu.  Dans quelles circonstances la RTBF a-t-elle décidé d'interrompre la fin de ce match? Comment faire pour éviter que pareille situation ne se reproduise? Quelles mesures souhaitez-vous continuer de mettre en œuvre, avec l’ensemble du gouvernement, pour revaloriser la place des femmes dans le domaine du sport? Je sais que ce sujet vous tient à cœur et nous constatons ici qu'il est absolument nécessaire de prendre des mesures. Dans de telles circonstances, il est essentiel de donner un signal. Quel signal comptez-vous donner pour que le  sport féminin ait dorénavant la place qu'il mérite?",Interculturalité et Egalité des Chances 
Les médecins spécialistes en formation croulent sous le travail,"Un rapport alarmant du SPF Santé publique évoque la surcharge de travail des futurs médecins spécialistes qui sont en formation dans les hôpitaux. Les auteurs du rapport utilisent des mots forts,puisqu'ils n’hésitent pas à qualifier les années de formation et de stage dans les hôpitaux de «calvaire». Les horaires sont sans fin et le travail dure, dans cer-
tains cas, jusqu’au bout de la nuit. Certains médecins en formation font état d’une charge de travail allant de 80 à 90 heures par semaine. Une autre inquiétude vient du fait qu’un peu plus de la moitié de ces médecins affirment que leur maître de stage ne les guide pas de manière attentive lors de la formation et de l’apprentissage, notamment dans le suivi des cas présentés. Cela constitue un risque tant pour la santé des patients que pour celle de ces médecins au vu des difficultés auxquelles ils sont confrontés. Cela expose aussi
les médecins à un risque d’erreur médicale, Madame la Ministre, avez-vous pris connaissance de ce rapport? Avez-vous eu des contacts avec le pouvoir fédéral à ce sujet? Qu’estimez-vous devoir faire pour rendre les conditions de travail acceptables pour ces médecins spécialistes en formation? Avez-vous eu un contact avec les délégations francophones des médecins en formation? En tant que ministre des Hôpitaux universitaires, pensez-vous que les moyens financiers et humains sont suffisants pour la formation des médecins spécialistes, indépendamment de l'hôpital dans lequel ils travail-
lent? Envisagez-vous une prise en compte plus qualitative du travail et de la formation des nombreux candidats médecins qui se destinent à des spécialités?",Enseignement supérieur et Promotion Sociale 
Les auteurs belges francophones en situation de grande précarité," Madame la Ministre, nous ne parlons pas souvent de littérature dans ce Parlement et pourtant, en tant que romanistes, nous avons ce centre d’intérêt en commun. Je ne vous interroge pas sur la qualité, bien réelle, des œuvres produites en Fédération Wallonie-Bruxelles, mais plutôt sur les conditions socio-économiques dans lesquelles les auteurs de notre Fédération  doivent travailler.  Une étude récente réalisée par l’ASBL Bela jette une lumière assez crue sur ces conditions. Elle révèle notamment que trois quarts des auteurs vivent avec un revenu inférieur à 1 000 euros par mois tirés de leur activité. Ce n’est pas telle’ D . . . . D D ment étonnant lorsqu'on sait que, sur un livre vendu une vingtaine d’euros, l’auteur n’en reçoit que 1,5 voire maximum 2 euros. Il faut déjà en vendre beaucoup pour pouvoir en vivre. [l y a certes quelques best-sellers, mais ils font figure d’exceptions et sont les arbres qui cachent la forêt.  Au-delà de ces situations socio-économiques, l’étude révèle également un manque de reconnaissance et de considération ressenti par les personnes interrogées. Plus grave encore, elle fait apparaître une situation de détresse psychologique dans 7 % des cas. Sans vouloir réactiver l’image mythique du poète maudit ou de l’écrivain au ban de la société, le constat qui doit être posé ici et maintenant est bel et  bien celui d’une extrême précarité. CRI N°12 Madame la Ministre, comment réagissez-vous vis-à-vis de ce constat”? Quelles réponses pouvez-vous apporter à cette situation? Trois demandes sont clairement exprimées par les auteurs: d’abord celle d’un refinancement, le financement actuel étant jugé insuffisant; ensuite, celle d’un accompagnement d'ordre psychologique, pour aider les auteurs et autrices à sortir de l’isolement qu'ils et elles ressentent; enfin, celle d’un accompagnement plus professionnel pour leur permettre entre autres de bénéficier de plus de visibilité.  Quelles sont les initiatives nouvelles en matière de promotion des lettres belges de langue française? Je rappelle que c’est l’une des missions de notre Communauté depuis sa création. Quelle est, d’après les informations vous revenant du terrain, votre appréciation de la mise en œuvre de la réforme du statut des artistes entrée en application? Pensez-vous qu’elle constitue une réponse suffisante à  cette situation d’extrême précarité de nos auteurs?",Culture et média 
Réduction de la subvention accordée à bpost pour la distribution de la presse périodique," À la suite d’une proposition émanant, peutêtre, du président du MR, le niveau fédéral a décidé de réduire de 50 millions d’euros les moyens dévolus à bpost pour la distribution gratuite des périodiques. C’est un mauvais coup porté à la presse périodique. Qu'elle soit journalière ou hebdomadaire, la presse écrite est évidemment dans une situation très difficile. Depuis déjà plusieurs années, le secteur souffre de difficultés structurelles, sans parler de la diminution des recettes publicitaires. Désormais, plusieurs facteurs conjoncturels tels que la hausse du prix du papier ou l’indexation viennent noircir encore davantage le tableau.  Madame la Ministre, dans quelle mesure avez-vous anticipé cette mauvaise nouvelle, étant donné qu’elle avait été sollicitée, suggérée, proposée, voire annoncée par le président du MR?  Dès l’annonce de cette nouvelle, l’Association des journalistes professionnels et le collectif Kiosque qui regroupe une série de médias belges ont exprimé leur indignation et leur inquiétude. Dans ce contexte, quels contacts utiles avez-vous pris pour tenter d'empêcher cette mesure? Quelle est la marge de manœuvre pour limiter la casse? Partagez-vous les inquiétudes du secteur, la presse écrite étant déjà en grande difficulté? Ce nouveau coup dur a été porté par les pouvoirs publics qui devraient pourtant être les premiers à soutenir cette liberté de presse essentielle à la démocratie. La défense de cette valeur suppose évidemment que toutes les conditions, entre autres financières, soient réunies pour que tous les citoyens aient accès à une presse libre et indépendante dont  nous nous enorgueillissons.",Culture et média 
Reprise des écoles de devoirs et autres lieux d’accueil extrascolaire,"Ce week-end, la Première ministre déclarait dans une interview à la presse qu’un groupe de travail planche actuellement sur la réorganisation et le nouvel accès aux milieux d’accueil et les écoles de devoirs. Le but avoué étant de rouvrir ceux-ci progressivement.  Dans le même temps, l’Office de la naissance et de l’enfance a publié un document le 3 mai 2020 précisant que les écoles de devoirs peuvent reprendre leurs activités à partir du 4 mai 2020, mais en respectant toutes les mesures sanitaires et de distanciation physique imposées par le Conseil national de sécurité .  Cette reprise est prévue de manière différenciée pour chaque EDD en termes de dates et d'organisation, dans le but d’une reprise pour l’année 2021. Pour rappel, les EDD et les milieux d’accueil extrascolaire sont des atouts majeurs dans la lutte contre le décrochage scolaire.  Enfin, il semble utile, voire très important, de préparer une reprise dans un souci de prévention des inégalités et dans un souci de développement des enfants, surtout pour les élèves qui ne seront pas visés par le retour progressif à l’école, tel qu’il est prévu par la ministre de l’Enseignement. Madame la Ministre, pouvez-vous déjà brosser un premier aperçu de la reprise des activités des écoles de devoirs en Fédération WallonieBruxelles? Avez-vous eu vent de certains freins à cette reprise, émanant du terrain ou de certains secteurs? Dans le contexte pédagogique actuel très mouvementé, des dispositions spéciales sont-elles prévues pour la période estivale? Enfin, le groupe de travail a-t-il déjà pu prendre connaissance des recommandations du groupe d’experts en charge de l’Exit Strategy à ce sujet?",Enfance
Conférence interministérielle (CIM) Culture du 12 mai 2020,"Madame la Ministre, le soutien à la culture et aux acteurs qui la font vivre revêt une importance majeure pour notre institution. Dès lors, il convient d’être particulièrement attentif à son évolution.  Cette semaine, deux étapes importantes ont été franchies avec la conférence interministérielle Culture qui s’est réunie hier et le Conseil national de sécurité qui s’est tenu aujourd’hui. Ces étapes importantes ont été suivies de près par l’ensemble du secteur, générant de nombreuses réactions.  Le groupe socialiste estime que notre Assemblée se doit d'accompagner la méthodologie de sortie de crise liée au déconfinement. Notre volonté est que tant les artistes que le public puissent se retrouver dans les meilleures conditions.  Je voudrais au préalable réaffirmer, comme hier lors de la réunion de la commission de la Culture, que nous serons à vos côtés pour que vous puissiez obtenir du niveau fédéral les mesures qui s’imposent pour sortir le secteur de son incertitude et de sa précarité. Nous serons avec vous, Madame la Ministre!  Un calendrier plus précis est-il déjà disponible pour la prochaine CIM Culture? Nous avons appris que les musées et bibliothèques seront bien déconfinés le lundi 18 mai, mais que, pour le reste, le statu quo est toujours de rigueur. Un rapport sera toutefois remis au groupe d’experts en charge de l’Exit Strategy pour la fin de la semaine. Quelle est la procédure exacte menant à un pas supplémentaire dans le déconfinement du secteur? Quelles en seront les étapes et la procédure précise? Un dialogue a-t-il déjà été établi avec les pouvoirs locaux: les villes, les communes et les unions des villes et des communes? Ils constituent en effet des maillons importants de la chaîne et ont un rôle majeur à jouer pour que les artistes et le public puissent se retrouver dans les meilleures conditions.",Culture et média 
Utilisation du hall d’athlétisme du Blocry pour les examens pour les étudiants,"L'Université catholique de Louvain , en raison de la crise sanitaire actuelle, a obtenu l’autorisation d’occuper le hall d’athlétisme du Blocry, inauguré il y a un an. En effet, le respect de la distanciation  CRI N°17sociale lors de certains examens en présentiel nécessite de disposer de grands espaces pour une question d’organisation. Les travaux d'aménagement y auront donc lieu afin d’y installer 200 bureaux et les connexions informatiques.  Des aménagements particuliers sont-ils prévus pour garantir la bonne compatibilité entre les examens organisés et les spécificités d’une telle infrastructure sportive? Comme vous le savez, Madame la Ministre, cette salle d’athlétisme est la seule en Fédération Wallonie-Bruxelles à disposer d’une piste couverte de 200 mètres. Plusieurs athlètes de haut niveau s’y entraînent et occupent cette salle depuis le début de la crise du Covid-19. Ils seront donc privés de cet important outil du 28 mai au 4 juillet, période durant laquelle les examens auront lieu. Quelles solutions l’administration de l’éducation physique et des sports a-t-elle dégagées, en concertation avec les fédérations et ses sportifs de haut niveau, afin de permettre à ces athlètes de continuer leurs entraînements pendant cette période? ",Enseignement supérieur et Promotion Sociale 
Accueil par la Belgique des mineurs étrangers non accompagnés (MENA) provenant de camps des îles grecques,"Madame la Ministre, l’accueil des migrants en Grèce donne actuellement lieu à des situations dramatiques. En effet, 42 000 migrants se trouvent aujourd’hui dans des camps situés sur des îles grecques dont la capacité d’accueil initiale est limitée à 6 000 personnes. Et le drame prend encore une tout autre proportion quand on sait que, parmi ces 42 000 personnes, 1 600 sont des mineurs étrangers non accompagnés . Ces jeunes ont donc quitté leur pays et, en plus, ils ne sont pas accompagnés par un parent ou un adulte susceptible de les aider.  La Commission européenne n’est pas insensible à ce drame et a décidé d’accueillir les 1 600 mineurs selon un plan de répartition entre l’ensemble des États membres. La commission des Relations extérieures de la Chambre des représentants a voté, 1l y a quelques jours, une résolution permettant à la Belgique de prendre sa part dans ce plan de répartition. À la suite du vote, la ministre De Block a indiqué être en mesure d’accueillir 18 mineurs sur le territoire belge.  Le but de ma question n’est pas d’évaluer si ce nombre est suffisant. À l’évidence, il ne l’est pas: 18 sur 1 600, c’est bien sûr très peu. Parmi ces 18 mineurs, certains sont identifiés comme étant particulièrement vulnérables, voire en danger. Par conséquent, ils pourraient relever de l’Administration de l’aide à la jeunesse et se retrouveraient à ce moment-là sous votre tutelle ministérielle, au même titre que l’ensemble des enfants vivant une situation de danger en Fédération Wallonie-Bruxelles.  Je souhaiterais dès lors savoir si vous avez eu un contact avec l’ Agence fédérale pour l’accueil des demandeurs d’asile ou la ministre De Block pour envisager cette hypothèse. Avezvous été associée à une concertation à ce sujet? Les capacités d’accueil de la Fédération WallonieBruxelles sont-elles suffisantes pour assumer la mission de l’ Administration de l’aide à la jeunesse et protéger ces mineurs en danger, qu’ils soient étrangers ou non, accompagnés ou non?",Politique et International
Suppression des subventions pour les spectacles théätraux  i  d’été à l’Abbaye de Villers-la-Ville,"Est-il encore permis en Fédération Wallonie-Bruxelles d’avoir du succès et de l’ambition? Je peux raisonnablement se poser la question à la suite de la décision de ne pas reconduire les subventions octroyées au spectacle théâtral estival de Villers-la-Ville. Celui-ci est pourtant une véritable success story qui dure depuis 36 ans. Ainsi, cet été, ce ne sont pas moins de 21 000 spectateurs qui sont venus applaudir la magnifique adaptation de «Roméo et Juliette» dans le cadre des ruines de l’Abbaye de Villers-la-Ville qui est un des joyaux du patrimoine de Wallonie. Ce spectacle est le carton de l’été et c’est du «made in chez nous» avec 75 comédiens, machinistes, administratifs ou techniciens. Fort logiquement, je m'attends à ce que la Fédération WallonieBruxelles soutienne ce succès et en soit fière. Pourtant, par deux fois, en 2020 et en 2021, Madame la Ministre, vous avez refusé de reconduire les subventions octroyées à cette production estivale, suivant certes en cela l’avis négatif rendu  par la commission d’avis compétente.  Du reste, les motivations contenues dans cette décision interpellent: la première consiste à dire que ce spectacle n’a pas besoin des subventions de la Fédération Wallonie-Bruxelles puisqu'il bénéficie déjà de celles d’autres niveaux de pouvoir  tels que la province et la Région wallonne, ainsi que de sponsors privés. Est-ce CRI N°1 que les subventions sont réservées à des opérateurs qui présentent un budget en déséquilibre? Est-ce qu’il existe une prime à la mauvaise gestion? Le succès et  l'ambition ne méritent-ils pas d’être soutenus?  La deuxième motivation est le manque de parité de genre dans le choix des metteurs en scène. J’ai relu le décret en vigueur et je n’y trouve pas ce critère. J'aimerais vous entendre à ce sujet, Madame la Ministre. Un malaise existe puisque, dans un article paru dans «Le Soir» il y a quelques jours, vous-même, ou quelqu'un de votre cabinet, précisez que «le nouveau décret recommande de tendre vers plus de parité, mais ce n’est aucunement un critère déterminant, ni une sanction.» En mai dernier, toujours dans «Le Soir», vous disiez que «les acteurs culturels nous disent qu’ils ne pourraient, pour chaque projet, considérer qu'il faut une femme, un homme, etc. La liberté artistique reste un fondement des politiques culturelles. Il est prévu d’avoir une attention accrue à la diversité de genre. Cela se conçoit de manière globale et pas du tout de projet à projet.» Or, ici, c’est exactement l'inverse que vous faites. Pourquoi avez-vous suivi l’avis remis par la commission d’avis alors que cette dernière s’écarte très clairement des critères prévus dans le décret  ? Qu’en est-il de la liberté de création  avec cette interprétation abusive des critères repris dans le décret ?",Culture et média 
Pénurie de places en crèches,"Depuis des années, la pénurie de places en crèches est un souci pour de nombreuses familles et un thème récurrent à l’époque de la rentrée. Cependant, elle semble s’aggraver d’année en année et atteindre désormais un niveau inquiétant. Les raisons de ce phénomène sont le manque de bâtiments adaptés, l'insuffisance de subventions pour la création de crèches même si des aides ont déjà été octroyées à ce poste, la pénurie de puéricultrices, d’accueillantes et en général de personnes intéressées par ces métiers. La France fait également face à un déficit criant d’effectifs, qu’on surnomme  «la grande démission».  Madame la Ministre, comment éviter une telle situation en Belgique? Comment sortir de la pénurie, alors que les demandes dépassent largement l'offre? Comment inciter à la création de crèches, notamment privées? Comment redonner de  l'intérêt pour un métier si important ? ",Enfance
Nomination de la nouvelle déléguée générale ou du nouveau délégué général aux droits de l’enfant," Mme Durenne a parlé de pénurie et j’espère que nous n’aurons pas de peine à désigner le nouveau délégué général aux droits de l'enfant . Demain, Bernard De Vos offrira un verre pour célébrer sa sortie de fonction, mais, à l’heure actuelle, nous ignorons toujours qui lui succédera.  Les articles de presse parus récemment font état de nombreuses interrogations à ce sujet et j'espère que les enfants de la Fédération Wallonie-Bruxelles ne seront pas laissés-pour-compte. Madame la Ministre, c’est à la fois la rentrée scolaire et la rentrée parlementaire. Or, au mois de juillet dernier, nous avons voté à l'unanimité l’avis rendu par le comité des parlementaires et le jury des experts.  Dès lors, quelle est la position du gouvernement sur cet avis",Enfance
PSG,"Le titre de ma question tient en trois lettres: «PSG», pour «pitoyablement sans gêne», comme le fou rire de Kylian Mbappé et les propos de Christophe Galtier en conférence de presse. À un journaliste qui l’interpellait sur l’opportunité pour les joueurs du Paris-Saint-Germain de prendre le train plutôt que l’avion pour un déplacement de très courte distance entre  Paris et Nantes, l'entraîneur parisien a ironisé en parlant de chars à voile.  Ces faits donnent l’impression que certains sportifs de haut niveau, très minoritaires, appartiennent à une classe sociale complètement déconnectée de la réalité écologique et des défis auxquels la société fait face. Ils sont totalement déconnectés de la réalité des citoyens qui font des efforts au quotidien pour la sauvegarde de la planète et de ceux qui se privent pour honorer à la fin du mois leur facture énergétique. Dans cette affaire, il est aussi question de justice sociale. Ces sportifs sont également très loin des gens qui ont vécu les premiers effets des dérèglements climatiques, à savoir la sécheresse et les inondations.  Aujourd’hui, j'aurais rêvé que Kylian Mbappé, et les sportifs de haut niveau de manière générale, soient des ambassadeurs de la cause climatique. Imaginez l'influence qu'ils pourraient avoir s’ils appuyaient utilement le discours des  scientifiques du Groupe d’expert intergouvernemental sur l’évolution du climat  .  Madame la Ministre, comment vous assurez-vous que les sportifs de haut niveau et que les acteurs du monde du sport professionnel s'engagent très concrètement en faveur de la cause climatique? Comment faites-vous en sorte que le mouvement sportif se dote d’une véritable stratégie de décarbonation? Je ne vise pas ici les initiatives ponctuelles qui ont vu le jour. Je plaide plutôt en faveur d’un vrai suivi, au moyen d'indicateurs, afin que les membres du secteur sportif contribuent aux objectifs de l’Accord de Paris sur le climat.",Jeunesse et Sport 
Craintes d’une nouvelle guerre meurtrière entre l'Azerbaïdjan et l’Arménie,"Monsieur le Ministre-Président, l'Histoire repasse les plats. En ce lieu même, en décembre 2020, nous adoptions une résolution qui envisageait de soutenir les initiatives prises par la Belgique et la CRI N°2 communauté internationale pour tenter de sortir, de manière pérenne, du conflit  opposant l’Arménie, le Haut-Karabakh en particulier, et l’Azerbaïdjan.  Depuis hier, il est permis de craindre le pire à nouveau dans cette région où ce conflit se réveille à la frontière arménienne. L’Azerbaïdjan a frappé en effet lourdement le territoire arménien, pays avec lequel nous avons des liens particuliers au sein de la Francophonie. Son adhésion à l'Organisation internationale de la Francophonie et l’organisation de sommet de la Francophonie à Erevan en attestent à suffisance. À l’époque, il existait un agresseur et un agressé; toute ressemblance avec une situation semblable vécue aujourd’hui est purement fortuite. Quoique.  La France a déjà annoncé son intention de saisir le Conseil de sécurité de l'Organisation des Nations unies tant la situation lui paraît préoccupante et tant elle réveille un face-à-face inquiétant dans cette partie du Caucase. La «guerre des 44 jours», en 2020, avait fait plus de 6 000 morts. Les frappes de ce 13 septembre ont déjà provoqué la mort d’une centaine de personnes. Légitimement, la communauté internationale se montre attentive à ce qui se passe dans cette région du monde et, de surcroît, dans des pays où nous  avons des relations particulières au travers de la Francophonie.  Quelle est votre analyse de cette nouvelle situation et de la donne politique dans cette région du Caucase? Vous êtes-vous entretenu à ce propos avec la ministre fédérale des Affaires étrangères, Mme Lahbib? De quels leviers disposent la communauté internationale, la Francophonie et, plus largement, l’Union européenne?",Politique et International
